{"cameraMode":{"drawMode":0,"name":"Shaded","section":"Shading Mode"},"sceneLighting":false,"audioPlay":false,"sceneViewState":{"m_AlwaysRefresh":false,"showFog":true,"showSkybox":false,"showFlares":true,"showImageEffects":true,"showParticleSystems":true,"showVisualEffectGraphs":true,"m_FxEnabled":true},"in2DMode":false,"pivot":{"x":-6.332993507385254e-8,"y":-0.0000151805579662323,"z":-0.027534931898117067},"rotation":{"x":0.07355469465255737,"y":0.9175490140914917,"z":-0.3347334861755371,"w":0.2016206830739975},"size":0.3048691749572754,"orthographic":false}