{"cameraMode":{"drawMode":0,"name":"Shaded","section":"Shading Mode"},"sceneLighting":false,"audioPlay":false,"sceneViewState":{"m_AlwaysRefresh":false,"showFog":false,"showSkybox":false,"showFlares":false,"showImageEffects":false,"showParticleSystems":false,"showVisualEffectGraphs":true,"m_FxEnabled":true},"in2DMode":false,"pivot":{"x":0.047245800495147708,"y":0.8125990629196167,"z":0.153548464179039},"rotation":{"x":0.013752886094152928,"y":0.9746025204658508,"z":-0.21476800739765168,"w":0.06238748878240585},"size":1.414470911026001,"orthographic":false}