{"cameraMode":{"drawMode":0,"name":"Shaded","section":"Shading Mode"},"sceneLighting":false,"audioPlay":false,"sceneViewState":{"m_AlwaysRefresh":false,"showFog":true,"showSkybox":false,"showFlares":true,"showImageEffects":true,"showParticleSystems":true,"showVisualEffectGraphs":true,"m_FxEnabled":true},"in2DMode":false,"pivot":{"x":-0.02523772418498993,"y":0.037815555930137637,"z":-0.0027832649648189546},"rotation":{"x":0.00041912990855053067,"y":0.9995629787445068,"z":0.017684532329440118,"w":-0.02369309589266777},"size":0.021242542192339898,"orthographic":false}