{"cameraMode":{"drawMode":0,"name":"Shaded","section":"Shading Mode"},"sceneLighting":false,"audioPlay":false,"sceneViewState":{"m_AlwaysRefresh":false,"showFog":true,"showSkybox":false,"showFlares":true,"showImageEffects":true,"showParticleSystems":true,"showVisualEffectGraphs":true,"m_FxEnabled":true},"in2DMode":false,"pivot":{"x":-8.642673492431641e-7,"y":0.3369213342666626,"z":9.57399606704712e-7},"rotation":{"x":0.16264590620994569,"y":0.1983250230550766,"z":-0.033390238881111148,"w":0.9659754633903503},"size":0.3768670856952667,"orthographic":false}