{"cameraMode":{"drawMode":0,"name":"Shaded","section":"Shading Mode"},"sceneLighting":false,"audioPlay":false,"sceneViewState":{"m_AlwaysRefresh":false,"showFog":true,"showSkybox":false,"showFlares":true,"showImageEffects":true,"showParticleSystems":true,"showVisualEffectGraphs":true,"m_FxEnabled":true},"in2DMode":false,"pivot":{"x":0.130169078707695,"y":0.060630012303590778,"z":-0.007933467626571656},"rotation":{"x":0.009685035794973374,"y":0.20667757093906403,"z":-0.0020424944814294578,"w":0.9783846735954285},"size":0.13058947026729585,"orthographic":false}