{"cameraMode":{"drawMode":0,"name":"Shaded","section":"Shading Mode"},"sceneLighting":false,"audioPlay":false,"sceneViewState":{"m_AlwaysRefresh":false,"showFog":true,"showSkybox":false,"showFlares":true,"showImageEffects":true,"showParticleSystems":true,"showVisualEffectGraphs":true,"m_FxEnabled":true},"in2DMode":false,"pivot":{"x":-14.470441818237305,"y":1.8614239692687989,"z":27.87097930908203},"rotation":{"x":0.25614896416664126,"y":-0.07417486608028412,"z":0.019704366102814676,"w":0.9636136889457703},"size":0.9311364889144898,"orthographic":false}